t_neural:float ms,t_physics:float s,frame_id:int,spike_count:int,moose_pos:float[3],hit_bool:int
0.0,0.0,0,3253,12.0000;0.0000;0.2000,1
33.33,0.03333,1,4415,11.9101;0.0000;0.2000,0
66.66,0.06666,2,3195,11.8202;0.0000;0.2000,0
99.99,0.09999,3,3370,11.7303;0.0000;0.2000,0
133.32,0.13332,4,4314,11.6404;0.0000;0.2000,0
166.65,0.16665,5,3283,11.5506;0.0000;0.2000,0
199.98,0.19998,6,3354,11.4607;0.0000;0.2000,0
233.31,0.23331,7,4445,11.3708;0.0000;0.2000,0
266.64,0.26664,8,3372,11.2809;0.0000;0.2000,0
299.97,0.29997,9,3263,11.1910;0.0000;0.2000,0
333.3,0.3333,10,4330,11.1011;0.0000;0.2000,0
366.63,0.36663,11,3198,11.0112;0.0000;0.2000,0
399.96,0.39996,12,3276,10.9213;0.0000;0.2000,0
433.29,0.43329,13,4460,10.8315;0.0000;0.2000,0
466.62,0.46662,14,3302,10.7416;0.0000;0.2000,0
499.95,0.49995,15,3285,10.6517;0.0000;0.2000,0
533.28,0.53328,16,4486,10.5618;0.0000;0.2000,0
566.61,0.56661,17,3352,10.4719;0.0000;0.2000,0
599.94,0.59994,18,3313,10.3820;0.0000;0.2000,0
633.27,0.63327,19,4395,10.2921;0.0000;0.2000,1
666.6,0.6666,20,3238,10.2022;0.0000;0.2000,0
699.93,0.69993,21,3190,10.1124;0.0000;0.2000,0
733.26,0.73326,22,4366,10.0225;0.0000;0.2000,0
766.59,0.76659,23,3255,9.9326;0.0000;0.2000,0
799.92,0.79992,24,3314,9.8427;0.0000;0.2000,0
833.25,0.83325,25,4295,9.7528;0.0000;0.2000,0
866.58,0.86658,26,3265,9.6629;0.0000;0.2000,0
899.91,0.89991,27,3296,9.5730;0.0000;0.2000,0
933.24,0.93324,28,4403,9.4831;0.0000;0.2000,0
966.57,0.96657,29,3256,9.3933;0.0000;0.2000,0
999.9,0.9999,30,23388,9.3034;0.0000;0.2000,0
1033.23,1.03323,31,30782,9.2135;0.0000;0.2000,0
1066.56,1.06656,32,3320,9.1236;0.0000;0.2000,0
1099.89,1.09989,33,3291,9.0337;0.0000;0.2000,0
1133.22,1.13322,34,4390,8.9438;0.0000;0.2000,0
1166.55,1.16655,35,3334,8.8539;0.0000;0.2000,0
1199.88,1.19988,36,3293,8.7640;0.0000;0.2000,0
1233.21,1.23321,37,4318,8.6742;0.0000;0.2000,0
1266.54,1.26654,38,3260,8.5843;0.0000;0.2000,0
1299.87,1.29987,39,3238,8.4944;0.0000;0.2000,0
1333.2,1.3332,40,4442,8.4045;0.0000;0.2000,0
1366.53,1.36653,41,3294,8.3146;0.0000;0.2000,0
1399.86,1.39986,42,3387,8.2247;0.0000;0.2000,0
1433.19,1.43319,43,4376,8.1348;0.0000;0.2000,0
1466.52,1.46652,44,3366,8.0449;0.0000;0.2000,0
1499.85,1.49985,45,830,7.9551;0.0000;0.2000,0
1533.18,1.53318,46,4365,7.8652;0.0000;0.2000,1
1566.51,1.56651,47,3354,7.7753;0.0000;0.2000,0
1599.84,1.59984,48,3212,7.6854;0.0000;0.2000,0
1633.17,1.63317,49,4423,7.5955;0.0000;0.2000,0
1666.5,1.6665,50,3226,7.5056;0.0000;0.2000,0
1699.83,1.69983,51,3307,7.4157;0.0000;0.2000,0
1733.16,1.73316,52,4366,7.3258;0.0000;0.2000,0
1766.49,1.76649,53,3213,7.2360;0.0000;0.2000,0
1799.82,1.79982,54,3386,7.1461;0.0000;0.2000,0
1833.15,1.83315,55,4440,7.0562;0.0000;0.2000,0
1866.48,1.86648,56,3281,6.9663;0.0000;0.2000,0
1899.81,1.89981,57,3328,6.8764;0.0000;0.2000,0
1933.14,1.93314,58,4448,6.7865;0.0000;0.2000,0
1966.47,1.96647,59,3273,6.6966;0.0000;0.2000,0
1999.8,1.9998,60,3338,6.6067;0.0000;0.2000,0
2033.13,2.03313,61,4352,6.5169;0.0000;0.2000,0
2066.46,2.06646,62,3359,6.4270;0.0000;0.2000,0
2099.79,2.09979,63,3340,6.3371;0.0000;0.2000,0
2133.12,2.13312,64,4350,6.2472;0.0000;0.2000,0
2166.45,2.16645,65,22848,6.1573;0.0000;0.2000,1
2199.78,2.19978,66,23124,6.0674;0.0000;0.2000,0
2233.11,2.23311,67,4378,5.9775;0.0000;0.2000,0
2266.44,2.26644,68,3292,5.8876;0.0000;0.2000,0
2299.77,2.29977,69,3324,5.7978;0.0000;0.2000,0
2333.1,2.3331,70,4379,5.7079;0.0000;0.2000,0
2366.43,2.36643,71,3256,5.6180;0.0000;0.2000,0
2399.76,2.39976,72,3321,5.5281;0.0000;0.2000,0
2433.09,2.43309,73,4386,5.4382;0.0000;0.2000,0
2466.42,2.46642,74,3296,5.3483;0.0000;0.2000,0
2499.75,2.49975,75,3228,5.2584;0.0000;0.2000,0
2533.08,2.53308,76,4424,5.1685;0.0000;0.2000,0
2566.41,2.56641,77,3374,5.0787;0.0000;0.2000,0
2599.74,2.59974,78,3216,4.9888;0.0000;0.2000,0
2633.07,2.63307,79,4415,4.8989;0.0000;0.2000,0
2666.4,2.6664,80,3267,4.8090;0.0000;0.2000,0
2699.73,2.69973,81,3296,4.7191;0.0000;0.2000,0
2733.06,2.73306,82,4372,4.6292;0.0000;0.2000,0
2766.39,2.76639,83,3238,4.5393;0.0000;0.2000,0
2799.72,2.79972,84,3299,4.4494;0.0000;0.2000,0
2833.05,2.83305,85,4454,4.3596;0.0000;0.2000,1
2866.38,2.86638,86,3276,4.2697;0.0000;0.2000,0
2899.71,2.89971,87,3365,4.1798;0.0000;0.2000,0
2933.04,2.93304,88,4473,4.0899;0.0000;0.2000,0
2966.37,2.96637,89,3301,4.0000;0.0000;0.2000,0
